Name,Address,Price,Rating
DS spons make up NGEMBANG LEMBUT mika,Jakarta Utara,Rp3.000,4.9
Kuas Masker Wajah,Bekasi,Rp1.300,4.9
POT KIMURA 10GR LIST SILVER PUTIH POT CREAM KIMURA 10 GR POTCREAM KIMURA 10GRAM SILVER POT CREAM KIMURA PUTIH LIS SILVER,Kab. Bogor,Rp2.300,4.8
Kapas Selection Facial Cotton Kapas Bulat Round Kapas Special Tipis Pembersih Wajah Bulat Kotak Cotton Bud,Bandung,Rp17.000,4.9
SPON BEDAK SPONGE MAKE UP,Jakarta Selatan,Rp999,4.7
NOSE UP ALAT PEMANCUNG HIDUNG ALAMI TANPA OPERASI ORIGINAL,Jakarta Barat,Rp2.500,4.7
Viva Queen Make Up Puff,Karawang,Rp6.000,4.9
RAK SET HBO tas sepatu kosmetik 3 in 1 KOSMETIK,Kab. Bekasi,Rp76.000,4.8
SPON PEMBERSIH WAJAH FACIAL MAKE UP SILIKON SPONGE BRUSH OCTOPUS LUCU,Jakarta Barat,Rp6.000,4.8
Spon Teardrop Blender Kemasan Plastik By Kay Collection. 1 pcs,Jakarta Selatan,Rp35.000,4.9
POT CREAM ACRYLIC 10GR POT ACRILYC 10GR MERAH MAROON,Kab. Bogor,Rp4.000,5
BOTOL 250ML SPRAYER TRIGGER AMBER COKLAT,Kab. Bogor,Rp3.500,4.9
PINSET CABUT BULU KETIAK KUMIS,Bekasi,Rp1.550,4.8
ALAT MESIN CUKUR RAMBUT JENGGOT ELEKTRIK SHAVER KM-600 KEMEI 6 in 1,Jakarta Barat,Rp162.000,4.8
PINSET VETUS ESD - 15 HRC40 PINSET BENGKOK STAINLESS,Bekasi,Rp9.000,4.9
Kuas Masker Transparan - Kuas Makeup,Bandar Lampung,Rp3.000,4.9
Kaca Cermin Bulat Mini Motif Karakter Kaca Cermin Make Up Mini Travelling Pack Import Murah,Bandung,Rp2.950,4.8
PINSET CABUT ALIS BULU RAMBUT DLL - POLOS - TYPE CAR MERAH,Jakarta Barat,Rp750,5
Clay Sponge Pad Magic Clay Bar Spon Clay Bar,Jakarta Barat,Rp29.950,4.9
Viva Queen Make Up Sponge,Karawang,Rp7.200,4.9
Make Up Brush Set Tabung Kuas Rias Lengkap Makeup Masker Tube 12 In 1,Jakarta Barat,Rp23.000,4.8
Mangkok Masker Set Mask Bowl Mangkok Masker DIY 4 IN 1 Kosmetik Brush Kuas,Bandung,Rp10.000,4.9
TUTUP KISPRAY HITAM NECK 28,Kab. Bogor,Rp2.900,4.8
PENJEPIT BULU MATA EYELASH CURLER PELENTIK BULU MATA,Bandung,Rp9.900,4.8
Tas Kosmetik Charming Cosmetic Pouch Tempat Make Up,Jakarta Barat,Rp51.900,4.8
Sponge spon busa Foam Spons cuci motorcycle Wash motor mobil piring,Depok,Rp1.288,5
BOTOL SEMPROT KISPRAY SPRAY 500ML BOTOL KISPRAY,Kab. Bogor,Rp4.999,4.9
DOMPET KOSMETIK POUCH,Makassar,Rp8.900,4.6
Wart Remover Ointment Skin Tag Remover Penghilang Tahi lalat,Bandung,Rp22.000,4.9
BRASOV Spons Bedak Foundation Sponge Puff Make Up Tools Bentuk Kotak Bulat,Bandung,Rp10.000,5
DS spons make up NGEMBANG LEMBUT mika,Jakarta Utara,Rp3.000,4.9
Kuas Masker Wajah,Bekasi,Rp1.300,4.9
POT KIMURA 10GR LIST SILVER PUTIH POT CREAM KIMURA 10 GR POTCREAM KIMURA 10GRAM SILVER POT CREAM KIMURA PUTIH LIS SILVER,Kab. Bogor,Rp2.300,4.8
Kapas Selection Facial Cotton Kapas Bulat Round Kapas Special Tipis Pembersih Wajah Bulat Kotak Cotton Bud,Bandung,Rp17.000,4.9
SPON BEDAK SPONGE MAKE UP,Jakarta Selatan,Rp999,4.7
NOSE UP ALAT PEMANCUNG HIDUNG ALAMI TANPA OPERASI ORIGINAL,Jakarta Barat,Rp2.500,4.7
Viva Queen Make Up Puff,Karawang,Rp6.000,4.9
RAK SET HBO tas sepatu kosmetik 3 in 1 KOSMETIK,Kab. Bekasi,Rp76.000,4.8
SPON PEMBERSIH WAJAH FACIAL MAKE UP SILIKON SPONGE BRUSH OCTOPUS LUCU,Jakarta Barat,Rp6.000,4.8
Spon Teardrop Blender Kemasan Plastik By Kay Collection. 1 pcs,Jakarta Selatan,Rp35.000,4.9
POT CREAM ACRYLIC 10GR POT ACRILYC 10GR MERAH MAROON,Kab. Bogor,Rp4.000,5
BOTOL 250ML SPRAYER TRIGGER AMBER COKLAT,Kab. Bogor,Rp3.500,4.9
PINSET CABUT BULU KETIAK KUMIS,Bekasi,Rp1.550,4.8
ALAT MESIN CUKUR RAMBUT JENGGOT ELEKTRIK SHAVER KM-600 KEMEI 6 in 1,Jakarta Barat,Rp162.000,4.8
PINSET VETUS ESD - 15 HRC40 PINSET BENGKOK STAINLESS,Bekasi,Rp9.000,4.9
Kuas Masker Transparan - Kuas Makeup,Bandar Lampung,Rp3.000,4.9
Kaca Cermin Bulat Mini Motif Karakter Kaca Cermin Make Up Mini Travelling Pack Import Murah,Bandung,Rp2.950,4.8
PINSET CABUT ALIS BULU RAMBUT DLL - POLOS - TYPE CAR MERAH,Jakarta Barat,Rp750,5
Clay Sponge Pad Magic Clay Bar Spon Clay Bar,Jakarta Barat,Rp29.950,4.9
Viva Queen Make Up Sponge,Karawang,Rp7.200,4.9
Make Up Brush Set Tabung Kuas Rias Lengkap Makeup Masker Tube 12 In 1,Jakarta Barat,Rp23.000,4.8
Mangkok Masker Set Mask Bowl Mangkok Masker DIY 4 IN 1 Kosmetik Brush Kuas,Bandung,Rp10.000,4.9
TUTUP KISPRAY HITAM NECK 28,Kab. Bogor,Rp2.900,4.8
PENJEPIT BULU MATA EYELASH CURLER PELENTIK BULU MATA,Bandung,Rp9.900,4.8
Tas Kosmetik Charming Cosmetic Pouch Tempat Make Up,Jakarta Barat,Rp51.900,4.8
Sponge spon busa Foam Spons cuci motorcycle Wash motor mobil piring,Depok,Rp1.288,5
BOTOL SEMPROT KISPRAY SPRAY 500ML BOTOL KISPRAY,Kab. Bogor,Rp4.999,4.9
DOMPET KOSMETIK POUCH,Makassar,Rp8.900,4.6
Wart Remover Ointment Skin Tag Remover Penghilang Tahi lalat,Bandung,Rp22.000,4.9
BRASOV Spons Bedak Foundation Sponge Puff Make Up Tools Bentuk Kotak Bulat,Bandung,Rp10.000,5
DS spons make up NGEMBANG LEMBUT mika,Jakarta Utara,Rp3.000,4.9
Kuas Masker Wajah,Bekasi,Rp1.300,4.9
POT KIMURA 10GR LIST SILVER PUTIH POT CREAM KIMURA 10 GR POTCREAM KIMURA 10GRAM SILVER POT CREAM KIMURA PUTIH LIS SILVER,Kab. Bogor,Rp2.300,4.8
Kapas Selection Facial Cotton Kapas Bulat Round Kapas Special Tipis Pembersih Wajah Bulat Kotak Cotton Bud,Bandung,Rp17.000,4.9
SPON BEDAK SPONGE MAKE UP,Jakarta Selatan,Rp999,4.7
NOSE UP ALAT PEMANCUNG HIDUNG ALAMI TANPA OPERASI ORIGINAL,Jakarta Barat,Rp2.500,4.7
Viva Queen Make Up Puff,Karawang,Rp6.000,4.9
RAK SET HBO tas sepatu kosmetik 3 in 1 KOSMETIK,Kab. Bekasi,Rp76.000,4.8
SPON PEMBERSIH WAJAH FACIAL MAKE UP SILIKON SPONGE BRUSH OCTOPUS LUCU,Jakarta Barat,Rp6.000,4.8
Spon Teardrop Blender Kemasan Plastik By Kay Collection. 1 pcs,Jakarta Selatan,Rp35.000,4.9
POT CREAM ACRYLIC 10GR POT ACRILYC 10GR MERAH MAROON,Kab. Bogor,Rp4.000,5
BOTOL 250ML SPRAYER TRIGGER AMBER COKLAT,Kab. Bogor,Rp3.500,4.9
PINSET CABUT BULU KETIAK KUMIS,Bekasi,Rp1.550,4.8
ALAT MESIN CUKUR RAMBUT JENGGOT ELEKTRIK SHAVER KM-600 KEMEI 6 in 1,Jakarta Barat,Rp162.000,4.8
PINSET VETUS ESD - 15 HRC40 PINSET BENGKOK STAINLESS,Bekasi,Rp9.000,4.9
Kuas Masker Transparan - Kuas Makeup,Bandar Lampung,Rp3.000,4.9
Kaca Cermin Bulat Mini Motif Karakter Kaca Cermin Make Up Mini Travelling Pack Import Murah,Bandung,Rp2.950,4.8
PINSET CABUT ALIS BULU RAMBUT DLL - POLOS - TYPE CAR MERAH,Jakarta Barat,Rp750,5
Clay Sponge Pad Magic Clay Bar Spon Clay Bar,Jakarta Barat,Rp29.950,4.9
Viva Queen Make Up Sponge,Karawang,Rp7.200,4.9
Make Up Brush Set Tabung Kuas Rias Lengkap Makeup Masker Tube 12 In 1,Jakarta Barat,Rp23.000,4.8
Mangkok Masker Set Mask Bowl Mangkok Masker DIY 4 IN 1 Kosmetik Brush Kuas,Bandung,Rp10.000,4.9
TUTUP KISPRAY HITAM NECK 28,Kab. Bogor,Rp2.900,4.8
PENJEPIT BULU MATA EYELASH CURLER PELENTIK BULU MATA,Bandung,Rp9.900,4.8
Tas Kosmetik Charming Cosmetic Pouch Tempat Make Up,Jakarta Barat,Rp51.900,4.8
Sponge spon busa Foam Spons cuci motorcycle Wash motor mobil piring,Depok,Rp1.288,5
BOTOL SEMPROT KISPRAY SPRAY 500ML BOTOL KISPRAY,Kab. Bogor,Rp4.999,4.9
DOMPET KOSMETIK POUCH,Makassar,Rp8.900,4.6
Wart Remover Ointment Skin Tag Remover Penghilang Tahi lalat,Bandung,Rp22.000,4.9
BRASOV Spons Bedak Foundation Sponge Puff Make Up Tools Bentuk Kotak Bulat,Bandung,Rp10.000,5
DS spons make up NGEMBANG LEMBUT mika,Jakarta Utara,Rp3.000,4.9
Kuas Masker Wajah,Bekasi,Rp1.300,4.9
POT KIMURA 10GR LIST SILVER PUTIH POT CREAM KIMURA 10 GR POTCREAM KIMURA 10GRAM SILVER POT CREAM KIMURA PUTIH LIS SILVER,Kab. Bogor,Rp2.300,4.8
Kapas Selection Facial Cotton Kapas Bulat Round Kapas Special Tipis Pembersih Wajah Bulat Kotak Cotton Bud,Bandung,Rp17.000,4.9
SPON BEDAK SPONGE MAKE UP,Jakarta Selatan,Rp999,4.7
NOSE UP ALAT PEMANCUNG HIDUNG ALAMI TANPA OPERASI ORIGINAL,Jakarta Barat,Rp2.500,4.7
Viva Queen Make Up Puff,Karawang,Rp6.000,4.9
RAK SET HBO tas sepatu kosmetik 3 in 1 KOSMETIK,Kab. Bekasi,Rp76.000,4.8
SPON PEMBERSIH WAJAH FACIAL MAKE UP SILIKON SPONGE BRUSH OCTOPUS LUCU,Jakarta Barat,Rp6.000,4.8
Spon Teardrop Blender Kemasan Plastik By Kay Collection. 1 pcs,Jakarta Selatan,Rp35.000,4.9
POT CREAM ACRYLIC 10GR POT ACRILYC 10GR MERAH MAROON,Kab. Bogor,Rp4.000,5
BOTOL 250ML SPRAYER TRIGGER AMBER COKLAT,Kab. Bogor,Rp3.500,4.9
PINSET CABUT BULU KETIAK KUMIS,Bekasi,Rp1.550,4.8
ALAT MESIN CUKUR RAMBUT JENGGOT ELEKTRIK SHAVER KM-600 KEMEI 6 in 1,Jakarta Barat,Rp162.000,4.8
PINSET VETUS ESD - 15 HRC40 PINSET BENGKOK STAINLESS,Bekasi,Rp9.000,4.9
Kuas Masker Transparan - Kuas Makeup,Bandar Lampung,Rp3.000,4.9
Kaca Cermin Bulat Mini Motif Karakter Kaca Cermin Make Up Mini Travelling Pack Import Murah,Bandung,Rp2.950,4.8
PINSET CABUT ALIS BULU RAMBUT DLL - POLOS - TYPE CAR MERAH,Jakarta Barat,Rp750,5
Clay Sponge Pad Magic Clay Bar Spon Clay Bar,Jakarta Barat,Rp29.950,4.9
Viva Queen Make Up Sponge,Karawang,Rp7.200,4.9
Make Up Brush Set Tabung Kuas Rias Lengkap Makeup Masker Tube 12 In 1,Jakarta Barat,Rp23.000,4.8
Mangkok Masker Set Mask Bowl Mangkok Masker DIY 4 IN 1 Kosmetik Brush Kuas,Bandung,Rp10.000,4.9
TUTUP KISPRAY HITAM NECK 28,Kab. Bogor,Rp2.900,4.8
PENJEPIT BULU MATA EYELASH CURLER PELENTIK BULU MATA,Bandung,Rp9.900,4.8
Tas Kosmetik Charming Cosmetic Pouch Tempat Make Up,Jakarta Barat,Rp51.900,4.8
Sponge spon busa Foam Spons cuci motorcycle Wash motor mobil piring,Depok,Rp1.288,5
BOTOL SEMPROT KISPRAY SPRAY 500ML BOTOL KISPRAY,Kab. Bogor,Rp4.999,4.9
DOMPET KOSMETIK POUCH,Makassar,Rp8.900,4.6
Wart Remover Ointment Skin Tag Remover Penghilang Tahi lalat,Bandung,Rp22.000,4.9
BRASOV Spons Bedak Foundation Sponge Puff Make Up Tools Bentuk Kotak Bulat,Bandung,Rp10.000,5
DS spons make up NGEMBANG LEMBUT mika,Jakarta Utara,Rp3.000,4.9
Kuas Masker Wajah,Bekasi,Rp1.300,4.9
POT KIMURA 10GR LIST SILVER PUTIH POT CREAM KIMURA 10 GR POTCREAM KIMURA 10GRAM SILVER POT CREAM KIMURA PUTIH LIS SILVER,Kab. Bogor,Rp2.300,4.8
Kapas Selection Facial Cotton Kapas Bulat Round Kapas Special Tipis Pembersih Wajah Bulat Kotak Cotton Bud,Bandung,Rp17.000,4.9
SPON BEDAK SPONGE MAKE UP,Jakarta Selatan,Rp999,4.7
NOSE UP ALAT PEMANCUNG HIDUNG ALAMI TANPA OPERASI ORIGINAL,Jakarta Barat,Rp2.500,4.7
Viva Queen Make Up Puff,Karawang,Rp6.000,4.9
RAK SET HBO tas sepatu kosmetik 3 in 1 KOSMETIK,Kab. Bekasi,Rp76.000,4.8
SPON PEMBERSIH WAJAH FACIAL MAKE UP SILIKON SPONGE BRUSH OCTOPUS LUCU,Jakarta Barat,Rp6.000,4.8
Spon Teardrop Blender Kemasan Plastik By Kay Collection. 1 pcs,Jakarta Selatan,Rp35.000,4.9
POT CREAM ACRYLIC 10GR POT ACRILYC 10GR MERAH MAROON,Kab. Bogor,Rp4.000,5
BOTOL 250ML SPRAYER TRIGGER AMBER COKLAT,Kab. Bogor,Rp3.500,4.9
PINSET CABUT BULU KETIAK KUMIS,Bekasi,Rp1.550,4.8
ALAT MESIN CUKUR RAMBUT JENGGOT ELEKTRIK SHAVER KM-600 KEMEI 6 in 1,Jakarta Barat,Rp162.000,4.8
PINSET VETUS ESD - 15 HRC40 PINSET BENGKOK STAINLESS,Bekasi,Rp9.000,4.9
Kuas Masker Transparan - Kuas Makeup,Bandar Lampung,Rp3.000,4.9
Kaca Cermin Bulat Mini Motif Karakter Kaca Cermin Make Up Mini Travelling Pack Import Murah,Bandung,Rp2.950,4.8
PINSET CABUT ALIS BULU RAMBUT DLL - POLOS - TYPE CAR MERAH,Jakarta Barat,Rp750,5
Clay Sponge Pad Magic Clay Bar Spon Clay Bar,Jakarta Barat,Rp29.950,4.9
Viva Queen Make Up Sponge,Karawang,Rp7.200,4.9
Make Up Brush Set Tabung Kuas Rias Lengkap Makeup Masker Tube 12 In 1,Jakarta Barat,Rp23.000,4.8
Mangkok Masker Set Mask Bowl Mangkok Masker DIY 4 IN 1 Kosmetik Brush Kuas,Bandung,Rp10.000,4.9
TUTUP KISPRAY HITAM NECK 28,Kab. Bogor,Rp2.900,4.8
PENJEPIT BULU MATA EYELASH CURLER PELENTIK BULU MATA,Bandung,Rp9.900,4.8
Tas Kosmetik Charming Cosmetic Pouch Tempat Make Up,Jakarta Barat,Rp51.900,4.8
Sponge spon busa Foam Spons cuci motorcycle Wash motor mobil piring,Depok,Rp1.288,5
BOTOL SEMPROT KISPRAY SPRAY 500ML BOTOL KISPRAY,Kab. Bogor,Rp4.999,4.9
DOMPET KOSMETIK POUCH,Makassar,Rp8.900,4.6
Wart Remover Ointment Skin Tag Remover Penghilang Tahi lalat,Bandung,Rp22.000,4.9
BRASOV Spons Bedak Foundation Sponge Puff Make Up Tools Bentuk Kotak Bulat,Bandung,Rp10.000,5
